Variant;truth;vardict;vardict-pass
1:6111389;1;1;0
1:6166988;0;1;0
1:6209539;1;1;0
1:6526192;1;1;0
1:6531637;1;1;1
1:6698401;1;1;1
1:7860901;0;1;0
1:12198203;0;1;0
1:13745037;1;0;0
1:15439087;0;1;0
1:16528824;0;1;0
1:16974862;0;1;0
1:20981664;0;1;0
1:22213624;0;1;0
1:22416344;1;1;0
1:24106270;1;1;0
1:24393799;0;1;0
1:24402660;1;1;1
1:26530348;1;1;0
1:32048996;1;1;0
1:32508883;0;1;0
1:34038006;0;1;0
1:36827065;1;1;0
1:40537940;0;1;0
1:41087507;1;1;0
1:43148418;1;0;0
1:43736495;0;1;0
1:45253097;1;0;0
1:47754836;1;0;0
1:51831428;1;1;0
1:52242427;0;1;0
1:53727521;1;1;0
1:55595299;1;1;0
1:59148257;1;1;0
1:62273872;1;1;0
1:62613793;0;1;0
1:62712960;1;1;0
1:65524242;1;1;0
1:66430570;0;1;0
1:72465333;0;1;0
1:76281010;1;1;0
1:77001499;0;1;0
1:78031091;1;1;0
1:78179032;0;1;0
1:78422017;1;0;0
1:85736295;1;1;0
1:89614950;0;1;0
1:89844190;1;1;0
1:90133795;1;1;0
1:103488665;1;1;0
1:109795817;1;1;1
1:109953860;1;1;0
1:110304379;1;1;0
1:110561831;1;1;0
1:110603279;0;1;0
1:110882948;1;1;1
1:113659278;1;1;0
1:115576207;1;1;0
1:117963452;0;1;0
1:145109284;0;1;0
1:145531083;1;1;0
1:147580821;1;0;0
1:149282267;0;1;0
1:150240047;1;1;0
1:150802555;1;1;0
1:152189272;0;1;0
1:153312748;1;1;0
1:154323803;1;1;0
1:154422580;0;1;0
1:154426756;1;1;0
1:154687047;0;1;0
1:156707449;1;1;1
1:158622362;1;1;1
1:158943328;0;1;0
1:161130676;1;1;1
1:161954605;1;1;1
1:168670146;0;1;0
1:173840377;1;1;0
1:176012466;0;1;0
1:178822812;1;1;1
1:180724219;1;1;0
1:180991584;1;1;0
1:185069687;0;1;0
1:186056427;1;1;0
1:186269167;1;1;0
1:186641872;1;1;0
1:196658497;0;1;0
1:210125913;1;1;0
1:211847091;1;1;0
1:214637731;1;1;0
1:216813712;1;1;0
1:220231520;0;1;0
1:220276235;1;0;0
1:222919769;1;1;0
1:225273219;1;1;0
1:225700691;1;1;1
1:226570460;1;1;0
1:228547442;1;1;0
1:230933937;1;1;1
1:237060608;0;1;0
1:248617056;0;1;0
2:3504188;0;1;0
2:8917123;1;1;0
2:9539994;1;1;0
2:10060061;1;1;0
2:10333007;1;1;0
2:10803013;1;1;0
2:10922668;1;1;0
2:11735689;1;1;0
2:15417280;0;1;0
2:15555989;1;1;0
2:25976268;0;1;0
2:29445658;1;1;0
2:33335953;1;1;0
2:34628767;1;1;0
2:39083259;1;1;0
2:39238040;0;1;0
2:44176595;1;1;0
2:48873883;1;1;1
2:48873883;0;0;1
2:50847410;1;1;0
2:50966103;1;1;0
2:55408681;1;1;0
2:55805724;1;0;0
2:60684954;1;1;0
2:64780734;1;1;0
2:69871298;0;1;0
2:71620285;1;1;0
2:73830581;0;1;0
2:74735029;1;1;0
2:74746926;1;1;0
2:74766690;1;1;0
2:74900978;1;1;0
2:85050896;1;1;0
2:85581417;1;1;0
2:85629038;1;0;0
2:85663433;1;1;0
2:96588399;0;1;0
2:97533489;1;1;0
2:98263351;1;1;0
2:99234601;0;1;0
2:99980776;1;1;1
2:100006904;0;1;0
2:100910686;1;1;0
2:101639890;1;1;0
2:110728726;1;0;0
2:111207660;1;0;0
2:111604220;0;1;0
2:125262236;1;1;0
2:127413853;1;1;1
2:128412035;1;1;1
2:131167556;1;1;0
2:131802693;1;1;0
2:133427826;1;1;0
2:139307751;1;1;0
2:149679986;1;1;0
2:152303300;1;1;0
2:152717115;1;1;0
2:153006422;0;1;0
2:153435507;1;1;0
2:153576552;0;1;0
2:157352734;0;1;0
2:159215234;0;1;0
2:162274598;0;1;0
2:162730444;1;1;1
2:165560880;1;1;0
2:170735285;0;1;0
2:170751865;1;1;0
2:171248110;1;1;1
2:171702769;1;1;0
2:172569134;0;1;0
2:175689342;0;1;0
2:175976565;1;1;0
2:178982573;1;1;0
2:179505346;1;1;0
2:182360043;1;1;0
2:183066375;0;1;0
2:188224009;0;1;0
2:189858719;1;1;0
2:190530324;0;1;0
2:201523700;1;1;0
2:201629285;0;1;0
2:201719543;1;1;0
2:202534282;0;1;0
2:209436487;1;1;0
2:211471236;1;1;0
2:219610814;1;1;0
2:231373027;0;1;0
2:231682707;1;1;0
2:231683811;1;1;0
2:233404697;1;1;0
2:234699098;0;1;0
2:237123728;1;1;0
2:238453827;0;1;0
2:239160539;1;1;0
2:240006161;0;1;0
2:240098002;0;1;0
2:240098007;0;1;0
2:241465755;1;1;1
2:241622499;1;1;0
2:241712027;1;1;0
3:3136803;1;1;0
3:12393375;1;1;0
3:14106310;0;1;1
3:14559004;0;1;0
3:15493294;1;1;0
3:19322666;0;1;0
3:27758275;0;1;0
3:32031962;0;1;0
3:37370689;0;1;0
3:37565093;1;1;1
3:37998579;0;1;0
3:38125853;0;1;0
3:38125877;0;1;0
3:38169264;1;1;0
3:39433361;1;1;1
3:42594696;1;1;0
3:46414621;1;1;1
3:47129454;0;1;0
3:47814095;1;0;0
3:56606593;0;1;0
3:65422769;1;0;0
3:66451865;1;1;0
3:93619499;1;1;0
3:97868214;1;1;0
3:97926696;0;1;0
3:100468117;0;1;0
3:100569452;0;1;0
3:102175389;0;1;0
3:111904513;0;1;0
3:119379514;0;1;0
3:122414155;1;1;0
3:122525895;0;1;0
3:124114569;1;1;0
3:124158047;0;1;0
3:125466363;1;1;0
3:130290367;1;1;0
3:130380970;1;1;1
3:132181225;1;0;0
3:132278913;1;1;0
3:133558676;1;1;0
3:136219246;1;1;0
3:138738948;1;1;1
3:141161066;1;1;0
3:141162522;1;1;1
3:142133078;1;1;1
3:142402697;0;1;0
3:142682191;1;0;0
3:149051271;0;1;0
3:149488302;1;1;0
3:150570450;1;1;0
3:156559962;1;0;0
3:167183533;1;1;0
3:168812789;1;1;0
3:170895076;1;1;0
3:180320933;1;1;1
3:182911145;0;1;0
3:183389187;1;1;0
3:184007994;1;1;0
3:184009485;0;1;0
3:184037255;0;1;0
3:184102327;1;1;1
3:193188883;0;1;0
3:195000333;0;1;0
3:195507398;0;1;0
3:195509756;0;1;0
3:195937211;0;1;0
3:195937234;0;1;0
3:196448310;0;1;0
3:196910253;1;1;0
3:197948074;0;1;0
4:338198;0;1;1
4:3923170;0;1;0
4:4301539;0;1;0
4:17709611;0;1;0
4:17824961;1;1;0
4:22415423;1;1;1
4:23814996;1;1;0
4:24840652;0;1;0
4:24840685;0;1;0
4:25258335;1;1;0
4:40425683;0;1;0
4:42122067;1;1;1
4:48173646;1;1;0
4:48550775;1;1;1
4:49504734;0;1;0
4:52758296;1;1;0
4:56212442;1;1;0
4:68784592;1;1;0
4:68964976;1;1;0
4:78693966;1;1;0
4:78815072;0;1;0
4:79512779;1;1;0
4:89039070;1;1;0
4:89648032;1;1;0
4:98626472;0;1;0
4:100510846;1;1;1
4:110929610;1;1;0
4:113437194;1;1;0
4:119216676;1;0;0
4:119435956;1;1;0
4:120079251;1;0;0
4:120312975;0;1;0
4:122261867;1;1;0
4:123176268;1;1;0
4:123928701;0;1;0
4:123928705;0;1;0
4:123928821;0;1;0
4:126397420;0;1;0
4:141471453;1;0;0
4:141564062;1;0;0
4:141564062;0;1;0
4:142951424;1;1;1
4:146083593;1;0;0
4:151000685;1;1;0
4:151792821;0;1;0
4:152048936;0;1;0
4:153809276;1;0;0
4:154260307;1;1;0
4:162431333;1;0;0
4:169013891;1;1;0
4:169312798;0;1;0
4:169341614;0;1;0
4:170557885;0;1;0
4:185650083;1;1;1
4:185652225;0;1;0
5:1038732;1;1;0
5:1065290;0;1;0
5:1076526;0;1;0
5:7706893;1;1;1
5:17217182;0;1;0
5:33162973;0;1;0
5:37293022;1;1;1
5:52160966;1;1;0
5:56224818;0;1;0
5:60240532;0;1;0
5:64013890;1;0;0
5:64747301;1;1;1
5:69743138;1;0;0
5:77745855;0;1;1
5:82816831;1;1;1
5:95998024;0;1;0
5:121362524;1;1;0
5:121487404;0;1;0
5:126250459;0;1;0
5:126675994;1;1;0
5:132159798;1;1;1
5:132267850;0;1;0
5:134345865;1;1;0
5:136997803;0;1;0
5:136997805;0;1;0
5:137465177;1;1;0
5:138208937;1;1;1
5:139506644;1;1;0
5:141304849;1;1;0
5:141316636;1;1;0
5:145379959;1;1;0
5:145499948;1;1;1
5:148384339;1;1;1
5:148687374;0;1;0
5:149599445;0;1;0
5:150924908;1;1;0
5:151784434;1;1;1
5:159901491;0;1;0
5:167517336;0;1;0
5:170610528;1;1;0
5:171866696;0;1;0
5:179442467;0;1;0
5:179442468;1;0;0
5:179442480;0;1;0
5:180474815;0;1;0
6:334919;1;1;0
6:1069310;0;1;0
6:1315072;0;1;0
6:4999924;1;1;0
6:16327903;0;1;1
6:16327909;0;1;0
6:17781103;1;1;1
6:18171698;1;1;1
6:25452453;0;1;0
6:26507949;0;1;0
6:27860425;1;1;0
6:29912890;0;1;0
6:32135274;1;1;0
6:32159600;1;1;1
6:32609618;0;1;0
6:32632589;0;1;0
6:32943056;0;1;0
6:33054141;0;1;0
6:35448197;1;1;0
6:35943339;0;1;0
6:36465782;1;1;0
6:41203897;0;1;0
6:41537817;0;1;0
6:41712733;0;1;0
6:42832434;1;1;1
6:43141549;1;1;0
6:50683462;0;1;0
6:51946892;1;0;0
6:51946892;0;1;0
6:56469319;0;1;0
6:57398395;0;1;0
6:74228468;1;1;1
6:76540238;1;0;0
6:76575990;0;1;0
6:76576361;1;1;0
6:79752686;1;1;1
6:80720487;0;1;0
6:80878512;0;1;0
6:107113731;1;1;1
6:108984687;1;0;0
6:109480072;1;1;0
6:109935295;1;1;0
6:117687180;1;1;0
6:117804117;0;1;0
6:119501684;0;1;0
6:123122301;1;1;0
6:127764968;1;1;0
6:127837758;1;1;1
6:127837758;0;0;1
6:128476484;1;1;0
6:130363602;0;1;0
6:131603356;1;1;0
6:132270415;1;1;1
6:135357535;0;1;0
6:136552281;1;1;0
6:142519630;1;1;1
6:147045595;1;1;0
6:152462709;1;1;0
6:152685865;0;1;0
6:152792747;1;1;0
6:153018836;0;1;0
6:159204431;0;1;0
6:160677934;0;1;0
6:163235290;1;1;1
6:166904131;1;1;0
6:170118719;1;0;0
7:973100;0;1;0
7:1040040;0;1;0
7:1056493;0;1;0
7:1528930;0;1;0
7:4857211;1;1;0
7:4876253;1;1;0
7:4955410;0;1;0
7:5429102;0;1;0
7:6005453;0;1;0
7:7679763;1;1;0
7:11457245;1;1;0
7:11457246;0;1;0
7:20451097;1;1;0
7:23808985;1;1;0
7:24901519;0;1;0
7:27135227;1;1;1
7:30880629;0;1;0
7:43832200;1;1;0
7:47694953;1;1;0
7:50560382;0;1;0
7:50674178;1;1;0
7:55233297;1;1;0
7:55774676;0;1;0
7:56717654;1;1;0
7:56871645;0;1;0
7:64559329;0;1;0
7:64601334;0;1;0
7:72411591;1;1;0
7:72714888;1;1;0
7:94879653;1;1;0
7:98498168;1;1;0
7:99002516;1;1;1
7:99235046;1;1;0
7:99247931;1;1;0
7:99526665;1;1;1
7:99632260;1;1;0
7:100478763;0;1;0
7:100485765;1;1;1
7:100550315;0;1;1
7:100550564;0;1;0
7:100551293;0;1;1
7:100607644;0;1;0
7:100609344;0;1;0
7:100846405;1;1;0
7:101740993;0;1;0
7:102417979;0;1;0
7:116603088;1;1;0
7:117021879;1;1;0
7:128845875;1;1;0
7:129297556;1;1;0
7:129311553;1;1;0
7:133833212;0;1;0
7:134730280;1;1;1
7:135390388;1;1;1
7:142759453;1;1;0
7:143557327;1;0;0
7:149417977;1;1;1
7:149523594;1;1;0
7:150499194;0;1;0
7:151467213;1;1;0
7:154587512;0;1;0
7:156424648;0;1;0
8:363406;0;1;0
8:3081147;1;1;0
8:6895953;0;1;0
8:11167450;0;1;0
8:12580501;1;1;0
8:17434591;0;1;0
8:17924606;0;1;0
8:17924608;0;1;0
8:24187399;0;1;0
8:28573610;1;1;1
8:28693064;1;1;0
8:30407289;0;1;0
8:38683082;0;1;0
8:39027263;0;1;0
8:41518751;1;1;0
8:41641394;1;0;0
8:41790395;1;1;1
8:48648188;1;1;0
8:57216424;1;1;0
8:57228655;1;1;1
8:59522257;1;1;1
8:64100303;1;1;1
8:67417633;1;1;1
8:68989387;1;1;0
8:69032245;1;1;0
8:75764452;1;1;0
8:80679676;1;1;0
8:92052652;0;1;0
8:97156749;1;1;0
8:98718748;1;1;0
8:99786753;0;1;0
8:106430734;1;1;0
8:113966985;1;1;0
8:128748629;0;1;0
8:128748631;0;1;0
8:128748639;0;1;0
8:133049455;1;1;0
8:134063195;1;1;0
8:143856808;1;1;0
9:2159825;1;1;0
9:2653146;1;1;0
9:17409556;0;1;0
9:19316505;1;1;1
9:19373226;1;1;0
9:21802984;0;1;0
9:32480059;1;1;0
9:32567723;1;1;0
9:32787000;1;1;0
9:34662631;1;1;0
9:35367082;1;1;0
9:35869506;1;1;0
9:36339624;1;1;0
9:43827988;1;1;0
9:68437518;0;1;0
9:79966050;1;1;0
9:86554236;1;1;0
9:86907390;0;1;0
9:89875888;1;1;0
9:94877868;1;1;0
9:96327224;1;1;0
9:96420236;1;1;0
9:100618385;1;1;0
9:101894742;1;1;0
9:102067537;1;1;0
9:112069507;0;1;0
9:112153474;1;1;1
9:112810718;1;1;0
9:114415195;0;1;0
9:114994305;0;1;0
9:115038496;1;1;0
9:115873478;1;0;0
9:115946912;1;1;0
9:116248085;1;1;0
9:116269869;1;1;1
9:117014814;1;1;0
9:119064984;1;1;0
9:123163103;1;1;1
9:123476537;0;1;1
9:123538108;1;1;0
9:123578299;1;1;0
9:123945492;0;1;0
9:127287169;0;1;0
9:129714933;0;1;0
9:130235878;1;1;0
9:130648658;1;1;0
9:130928939;1;1;0
9:131191029;1;1;0
9:131235653;1;1;0
9:131342146;1;1;0
9:131370336;1;1;0
9:131456520;0;1;0
9:132572625;0;1;0
9:132638138;0;1;0
9:133246240;1;1;0
9:135507628;0;1;0
9:136599534;0;1;0
9:136917001;0;1;0
9:137618892;0;1;0
9:137741995;0;1;0
9:137967312;1;1;0
9:137987967;0;1;0
9:138648856;0;1;0
10:1245900;1;1;1
10:4702192;1;1;0
10:11373308;0;1;0
10:12197519;1;1;0
10:12240852;1;1;0
10:13169992;1;1;0
10:13333983;1;1;0
10:16911556;0;1;0
10:23493258;1;1;0
10:24722200;0;1;0
10:24813772;1;1;0
10:25140413;0;1;0
10:25509850;1;1;0
10:26482339;1;1;0
10:27434230;0;1;0
10:27484356;1;1;0
10:29796487;0;1;0
10:30900651;0;1;0
10:31680207;0;1;0
10:42942251;0;1;0
10:45427177;1;1;0
10:46233527;1;1;0
10:47381309;0;1;0
10:47724339;1;0;0
10:47915891;0;1;1
10:50534969;0;1;0
10:50741045;1;1;0
10:61413183;0;1;0
10:62652863;0;1;0
10:69934898;0;1;0
10:75138991;1;1;0
10:75511042;1;1;0
10:76974005;1;1;0
10:84118528;1;1;1
10:88992911;1;1;0
10:90350956;0;1;0
10:90694395;0;1;0
10:91142985;1;1;0
10:93573174;1;1;0
10:96014940;1;1;0
10:96094286;0;1;0
10:96805734;1;1;0
10:98802720;1;1;1
10:99129863;1;1;0
10:100015540;1;1;0
10:103590537;0;1;0
10:103771296;0;1;0
10:104174921;1;1;1
10:105800372;0;1;0
10:112045704;0;1;0
10:118315697;1;1;0
10:120790211;1;1;0
10:120824924;1;1;1
10:122648638;1;1;1
10:124159638;1;1;0
10:134648599;1;1;0
11:294530;0;1;0
11:698860;1;1;0
11:822822;0;1;0
11:1092600;0;1;0
11:1162695;0;1;0
11:1619172;0;1;1
11:1651613;0;1;1
11:1862587;1;1;0
11:3774379;1;1;0
11:4116069;1;1;0
11:9161459;1;1;0
11:10472380;1;1;0
11:12900347;0;1;0
11:17144553;1;1;0
11:26719020;1;1;0
11:30909647;0;1;0
11:32676492;1;0;0
11:33127594;1;1;1
11:44129601;1;1;1
11:45249144;1;1;0
11:46889468;1;1;0
11:47308155;1;1;0
11:49880841;0;1;0
11:55595591;1;1;0
11:56143534;0;1;0
11:57147077;1;1;0
11:57147893;0;1;0
11:57564506;1;1;0
11:59623637;1;1;0
11:59980858;1;1;0
11:60530959;1;1;0
11:61537862;1;1;1
11:62124399;1;1;0
11:62574900;1;1;0
11:65563503;0;1;0
11:65684347;1;1;0
11:66461605;1;1;0
11:67267059;0;1;0
11:68153761;1;1;0
11:68179239;1;1;0
11:68505972;1;1;0
11:71276681;0;1;0
11:76091674;1;1;0
11:77781037;1;1;0
11:78807975;0;1;0
11:82951869;1;1;1
11:83362918;1;1;0
11:83585305;0;1;0
11:85342506;1;1;0
11:89421902;1;0;0
11:100912510;0;1;0
11:104034246;0;1;0
11:107431583;1;1;1
11:108013445;1;1;0
11:108114981;1;0;0
11:108206360;1;1;0
11:111326367;1;1;0
11:111637117;0;1;0
11:113779822;1;1;0
11:117342476;0;1;0
11:117374711;1;1;1
11:117785017;1;1;0
11:123337819;1;1;0
11:123711490;1;1;0
11:126342975;0;1;0
11:126342983;0;1;0
11:130287129;0;1;0
12:1517594;0;1;0
12:4919762;1;1;0
12:5757893;1;1;0
12:6232234;1;1;0
12:6425673;1;1;0
12:6940422;1;1;1
12:6956128;1;1;0
12:7709806;1;1;0
12:7805508;0;1;0
12:8533116;0;1;0
12:9334728;0;1;0
12:9334741;0;1;0
12:9848454;0;1;0
12:10005686;0;1;0
12:10598922;1;0;0
12:12131448;0;1;0
12:12510261;1;1;0
12:18838780;0;1;0
12:19418874;0;1;0
12:25255345;1;1;0
12:25673159;1;1;0
12:27830155;1;1;0
12:29446601;1;1;0
12:30887806;0;1;0
12:31633202;0;1;0
12:31945145;1;1;0
12:39688001;1;1;0
12:40645457;1;1;0
12:40814301;0;1;0
12:40895492;0;1;0
12:40941592;1;1;0
12:45810309;1;1;0
12:48502119;0;1;0
12:51393171;1;1;1
12:52965775;1;1;1
12:53045603;0;1;1
12:53045615;0;1;0
12:53494420;1;1;0
12:53647741;1;1;1
12:53858455;1;1;0
12:54967656;0;1;0
12:56677787;1;1;0
12:64519805;1;1;1
12:64812903;1;1;0
12:64828287;1;1;1
12:65085444;0;1;0
12:65225826;0;1;0
12:72314914;0;1;0
12:72667258;1;1;1
12:78570763;0;1;0
12:78573062;1;0;0
12:81661507;0;1;0
12:85517904;1;1;1
12:88912531;1;1;1
12:89938293;0;1;0
12:98073433;1;1;0
12:102548520;1;1;0
12:104529323;1;1;0
12:105432040;0;1;0
12:106771935;0;1;0
12:107168765;1;1;0
12:109212166;1;1;0
12:110241151;1;1;0
12:110476731;1;1;0
12:110959832;1;1;0
12:112677761;0;1;1
12:113545192;1;1;0
12:113711392;1;1;1
12:117217383;1;1;0
12:118604634;0;1;0
12:120213972;1;1;0
12:121666946;1;1;0
12:122724292;0;1;0
12:131514426;0;1;0
12:132588711;1;1;1
13:19933246;0;1;0
13:21374515;0;1;0
13:23853869;0;1;0
13:24448863;1;1;0
13:25256037;0;1;0
13:25875657;1;1;0
13:27828529;0;1;0
13:33315189;0;1;0
13:36700338;0;1;0
13:37600483;1;1;0
13:39358741;1;1;0
13:43839434;1;1;0
13:48612066;0;1;0
13:53145585;1;1;0
13:73344848;0;1;0
13:73428282;1;1;1
13:73467977;1;1;1
13:73633912;0;1;0
13:98666534;0;1;0
13:110858771;1;0;0
13:110858771;0;1;0
13:113698899;1;1;0
13:113760882;0;1;0
13:113793937;1;1;0
13:114061300;1;1;0
14:19807544;1;1;0
14:19903599;1;0;0
14:20820727;0;1;0
14:21542104;1;1;1
14:21883665;0;1;0
14:23795451;1;1;0
14:24707261;1;1;0
14:24787974;1;1;1
14:31606036;0;1;0
14:31863483;1;1;0
14:35075203;1;1;0
14:35871441;0;1;0
14:56764821;0;1;0
14:58681903;0;1;0
14:60030298;0;1;0
14:60072144;1;1;1
14:60616913;0;1;0
14:62229138;0;1;0
14:64522550;0;1;0
14:66084015;1;1;0
14:67912981;1;1;0
14:72175765;1;1;0
14:74062611;1;1;0
14:77919439;1;1;0
14:78353289;0;1;0
14:81328878;1;1;0
14:93535441;1;1;0
14:94844967;0;1;1
14:96762064;0;1;0
14:100801067;1;1;0
14:101341448;1;1;0
14:101418439;1;0;0
14:103465785;1;1;0
14:103573006;1;1;0
14:103918502;1;1;0
14:103986114;1;1;0
14:104025908;1;1;0
14:104207039;1;1;0
14:106866392;0;1;1
15:22332314;0;1;0
15:27011381;1;1;0
15:28358686;1;1;0
15:28807231;1;0;0
15:28893792;1;0;0
15:40588364;1;1;0
15:40650449;0;1;0
15:42551161;1;1;0
15:42717304;1;1;0
15:42740773;1;1;1
15:43568522;1;1;0
15:44158198;1;1;0
15:44816703;1;1;0
15:44905697;0;1;1
15:45047165;1;1;1
15:45222474;1;1;0
15:45364297;0;1;0
15:45400084;0;1;0
15:49624103;1;1;0
15:50520879;1;1;0
15:50570362;1;1;0
15:55670782;1;1;0
15:57953458;1;1;0
15:60919425;1;1;0
15:65108997;1;1;0
15:66808031;1;1;0
15:68051017;1;1;0
15:70350704;1;1;0
15:71175073;1;1;0
15:73855330;0;1;0
15:74174219;1;1;0
15:74180905;0;1;0
15:74290525;1;1;1
15:74373248;0;1;0
15:75304478;1;1;0
15:75705151;1;1;1
15:75809720;1;1;0
15:79339022;1;1;0
15:80843338;1;1;0
15:81582515;1;1;0
15:81589264;1;1;0
15:84945577;1;1;0
15:84950069;0;1;0
15:89444542;0;1;0
15:92515022;1;1;0
15:93586476;0;1;0
15:102304590;0;1;0
16:819194;0;1;0
16:845430;0;1;0
16:1370441;1;1;1
16:1417262;1;1;0
16:1840577;1;1;0
16:2123122;1;1;0
16:3641025;1;1;1
16:3705839;1;1;0
16:4254407;0;1;0
16:4559896;1;1;0
16:8736529;1;1;0
16:8867017;0;1;0
16:11001210;1;1;1
16:15501658;0;1;0
16:15718465;1;1;0
16:20570947;0;1;0
16:20843637;1;1;0
16:22193562;1;1;1
16:22268026;1;1;0
16:22535377;1;0;0
16:24268421;1;1;0
16:24804751;1;1;0
16:27788184;1;1;0
16:32447056;0;1;0
16:33961471;0;1;0
16:47192757;0;1;0
16:50583215;1;1;0
16:55584870;0;1;1
16:57602140;1;1;0
16:57732530;1;1;0
16:58296667;0;1;0
16:66855468;0;1;0
16:67295866;0;1;0
16:67399088;1;1;0
16:67881194;1;0;0
16:71418581;0;1;0
16:71956592;0;1;0
16:76495999;1;1;0
16:77393446;0;1;0
16:81087886;0;1;0
16:83984556;0;1;0
16:84940144;1;1;0
16:88503296;1;1;1
16:88712712;0;1;0
16:88797993;1;1;0
16:88798330;0;1;0
16:88807989;1;1;1
16:89226753;0;1;0
16:89602928;0;1;0
16:89602938;0;1;0
16:89973782;0;1;0
16:89986396;1;1;1
16:89986396;0;0;1
16:90000012;1;1;0
17:1495056;1;0;0
17:1747756;1;1;0
17:2212614;1;1;0
17:2297571;0;1;0
17:3588947;0;1;0
17:4455464;1;1;1
17:4859101;0;1;0
17:4859112;0;1;0
17:4859123;0;1;0
17:4926476;0;1;0
17:5392424;1;1;1
17:6915233;1;1;0
17:7156485;1;1;0
17:7215428;0;1;0
17:7748817;1;1;0
17:7750157;0;1;1
17:7812371;1;1;0
17:8062423;0;1;0
17:8790290;1;1;0
17:11597954;0;1;0
17:16704479;0;1;0
17:17716153;1;1;1
17:18077070;1;1;0
17:18286918;0;1;0
17:18681892;0;1;1
17:18681901;1;1;1
17:20417639;1;1;0
17:20768495;0;1;0
17:29058912;1;1;0
17:29281232;1;1;0
17:33307701;0;1;0
17:33510806;1;1;0
17:34090958;0;1;0
17:38127968;1;1;0
17:38129045;0;1;0
17:38285105;1;0;0
17:38297769;1;1;0
17:39211146;0;1;1
17:39622500;1;1;0
17:40149207;1;1;1
17:40180624;1;1;0
17:40323937;1;1;1
17:40731260;0;1;0
17:41154815;1;0;0
17:41154816;0;1;0
17:41375480;0;1;0
17:41465811;0;1;0
17:42164997;1;1;1
17:45456705;1;1;0
17:45916775;1;1;0
17:48187400;1;1;1
17:49843089;0;1;0
17:54403875;0;1;0
17:56635298;1;1;0
17:58150792;1;1;0
17:61565725;0;1;0
17:61699815;1;1;0
17:61834060;1;1;0
17:63534216;0;1;0
17:66508512;1;1;0
17:66988967;0;1;0
17:72889685;0;1;0
17:73125054;1;1;1
17:73663727;1;1;0
17:73844893;1;1;0
17:73987655;1;1;1
17:74087022;1;1;0
17:74719807;1;1;0
17:76420159;1;1;0
17:79414447;1;1;1
17:79683985;0;1;0
17:79898820;1;1;1
17:80275031;1;1;0
17:80373230;1;1;0
17:80618788;1;1;0
17:80765799;1;1;0
18:7079821;1;1;0
18:14173860;0;1;0
18:18650410;1;1;0
18:19093720;1;1;0
18:20979537;1;1;1
18:23895110;0;1;0
18:32888397;0;1;0
18:33721046;1;1;0
18:34854319;1;1;1
18:35146144;0;1;0
18:43422407;0;1;0
18:43468062;0;1;0
18:43522893;1;1;0
18:51748399;1;1;0
18:53131210;0;1;0
18:54283633;0;1;0
18:56050278;1;1;0
18:56246004;0;1;0
18:56409312;1;1;0
18:59751895;1;1;0
18:73122732;1;1;0
19:434567;0;1;0
19:580891;0;1;0
19:727226;0;1;0
19:810727;1;1;1
19:1052492;0;1;0
19:1250266;1;0;0
19:1453313;1;1;1
19:1457894;0;1;0
19:1599739;1;1;0
19:1954000;1;1;0
19:2251730;1;1;1
19:2418284;0;1;0
19:2418309;0;1;0
19:2426198;0;1;0
19:2805402;1;1;0
19:2995054;0;1;0
19:3480638;1;1;0
19:3538650;0;1;0
19:3938847;0;1;0
19:4499647;0;1;1
19:5787193;0;1;0
19:6754111;1;1;1
19:6984590;1;1;0
19:9004712;1;1;0
19:9009385;0;1;0
19:9071316;1;1;0
19:9226000;1;1;0
19:10943080;1;1;0
19:11597829;1;1;1
19:11918703;1;1;0
19:12877196;1;1;0
19:14091543;0;1;0
19:14195848;1;1;0
19:14270465;1;1;0
19:14866108;0;1;0
19:14887790;0;1;0
19:14992226;0;1;0
19:15338208;1;1;0
19:18898673;0;1;0
19:18901456;1;1;0
19:19989267;0;1;0
19:20045288;1;1;1
19:23328740;1;1;1
19:33457060;1;1;0
19:35832960;0;1;0
19:37309730;1;1;1
19:38161161;0;1;0
19:38907413;1;1;0
19:39104797;1;1;0
19:39227128;0;1;0
19:39227147;0;1;0
19:39991072;0;1;0
19:40589070;1;1;1
19:41313537;1;1;0
19:41386669;0;1;0
19:43690362;1;1;0
19:44740855;1;1;0
19:45447808;0;1;0
19:47658139;1;1;0
19:48613822;1;1;0
19:48657077;0;1;0
19:48693547;1;1;0
19:49930833;1;1;1
19:49964800;0;1;0
19:50204265;0;1;0
19:50204395;0;1;0
19:51132953;0;1;0
19:51321495;1;1;0
19:52376865;1;1;1
19:52627230;1;1;1
19:52863607;1;1;0
19:54671789;0;1;0
19:54726536;0;1;0
19:55175108;0;1;0
19:55591267;1;1;0
19:55758206;1;1;0
19:55865641;0;1;0
19:55888522;0;1;0
19:56030428;0;1;0
19:56373578;0;1;0
19:57184443;0;1;0
19:58016082;1;1;1
20:480620;0;1;0
20:2633380;0;1;0
20:3003356;1;1;1
20:5948063;1;1;0
20:8864816;1;0;0
20:10624926;0;1;0
20:13260522;1;1;1
20:17339213;1;1;0
20:24937701;0;1;0
20:25469834;1;1;0
20:29622996;0;1;0
20:29634103;0;1;0
20:31676582;1;1;0
20:31911887;1;1;0
20:33768060;0;1;0
20:34501965;1;1;1
20:36396561;1;1;0
20:36628853;0;1;0
20:36851093;1;1;0
20:37214589;1;1;0
20:39983353;1;1;1
20:42208926;1;1;0
20:43254250;1;1;1
20:43704412;1;1;0
20:44644893;1;1;1
20:45809728;1;1;0
20:47108183;1;1;0
20:48184654;0;1;0
20:48481087;1;1;0
20:52779082;0;1;0
20:54823684;0;1;0
20:54963149;0;1;0
20:56735823;1;1;1
20:57246493;0;1;0
20:60702358;1;1;0
20:60900171;0;1;0
20:61448751;1;1;0
20:61513934;0;1;0
20:62328049;1;1;0
20:62578078;0;1;0
21:22664211;0;1;0
21:22664218;0;1;0
21:31965185;1;1;0
21:32185261;1;1;0
21:33974123;1;1;0
21:34442688;0;1;0
21:43220664;0;1;0
21:45161323;0;1;0
21:45378949;0;1;0
21:45379108;0;1;0
21:45379182;0;1;0
21:47419944;0;1;0
21:47565665;0;1;0
21:47565670;0;1;0
21:47768703;0;1;0
21:48081914;0;1;0
22:16277757;0;1;0
22:16650104;0;1;0
22:17597775;1;1;0
22:17670928;1;1;0
22:20659496;0;1;0
22:24666338;0;1;0
22:25121481;1;1;1
22:28146770;0;1;0
22:29663326;1;1;0
22:32112794;1;1;1
22:35714132;1;1;0
22:36744887;0;1;0
22:38934155;0;1;0
22:39102026;1;1;1
22:40068608;1;1;0
22:40661021;1;1;1
22:40755427;0;1;0
22:44594825;0;1;0
22:45944573;1;1;1
22:46930175;1;1;0
22:50986299;0;1;0
22:51143566;1;1;0
X:301331;0;1;0
X:7812030;0;1;0
X:11314920;1;1;1
X:13785236;1;1;1
X:15841457;1;1;0
X:17674520;1;1;0
X:18595944;1;1;0
X:23803350;1;1;0
X:24383620;0;1;0
X:30725638;1;1;0
X:33054926;0;1;0
X:36118007;1;0;0
X:39911071;0;1;0
X:41533090;0;1;0
X:44168810;1;1;0
X:48841506;1;1;0
X:49644177;0;1;0
X:53453275;1;1;1
X:55172432;0;1;0
X:66765560;1;1;1
X:67431940;1;1;0
X:67941940;1;1;1
X:69080870;1;1;0
X:77393221;1;1;0
X:92012395;1;1;0
X:96048653;1;1;0
X:105200939;1;1;0
X:110464195;0;1;0
X:110492229;1;1;1
X:111024979;1;1;0
X:119249129;1;1;0
X:131842290;1;0;0
X:145076175;1;1;0
X:145078344;1;1;0
X:147582880;1;1;0
X:147985935;1;1;0
X:152244931;1;0;0
X:153170270;1;1;0
Y:28600154;0;1;0
